ID_Record,Log ID,Time Stamp,User ID,IP Address,Hostname,Log Level,Status,Reference ID,Source,Log File Change,Log File Change Description,Old Value,New Value
5,191527165,2017-05-18,U029783,235.64.138.107,xdbe2atu.com,NORMAL,In Progress,R022416,Application,File Move,"Tracks when a file is moved from one location to another, recording the original and new locations.",--Old value--,--New value--
6,264623442,2023-07-18,U044231,62.210.60.254,875ftk1mhfak.com,NORMAL,Pending,R047318,Application,Form Submission,"Logs when a user submits a form, such as a contact form, registration form, or a settings change form.",--Old value--,--New value--
4,472780029,2023-08-17,U034889,218.64.255.153,djbtwbl6d.com,INFO,In Progress,R050847,Device,File Move,"Tracks when a file is moved from one location to another, recording the original and new locations.",--Old value--,--New value--
8,986131054,2019-08-15,U056940,47.188.76.3,tbj5z1w8jo.com,NORMAL,In Progress,R080916,Security System,File Copy,"Notes when a user makes a copy of a file, including details of the source and destination locations.",--Old value--,--New value--
6,205774698,2011-12-30,U091760,183.4.210.242,7svyucj.com,NORMAL,Pending,R007513,Error Handler,File Copy,"Notes when a user makes a copy of a file, including details of the source and destination locations.",--Old value--,--New value--
2,473144577,2011-06-09,U013867,114.83.50.70,4sihuyq68hg9ebg.com,NORMAL,Queued,R013530,External Service,File Deletion,"Logs the removal of a file from the system, detailing the file name and deletion time.",--Old value--,--New value--
9,442887257,2023-07-19,U026355,131.192.125.172,53qspqomptp.com,NORMAL,Pending,R011056,Device,File Deletion,"Logs the removal of a file from the system, detailing the file name and deletion time.",--Old value--,--New value--
6,338783233,2017-07-01,U058028,17.24.40.121,95lphry.com,NORMAL,Completed Successfully,R047212,System,Form Submission,"Logs when a user submits a form, such as a contact form, registration form, or a settings change form.",--Old value--,--New value--
4,302903907,2019-08-26,U035532,134.215.238.214,s9gk1o5.com,ERROR,Timed Out,R053229,Scheduler,File Rename,"Records the action of changing a file's name, noting the original and new names of the file.",--Old value--,--New value--
9,173807516,2010-02-16,U090763,200.240.45.206,8d7t5hkkv6mbo.com,NORMAL,In Progress,R081798,Security System,File Copy,"Notes when a user makes a copy of a file, including details of the source and destination locations.",--Old value--,--New value--
